1,AAAAAAAAAATAGCTGGGCATGGTGGCAGGCGCCTGTAGTTTCAGCTGCTTGGTGTCTGA,N
2,AAAAAAGAAAACAATGAACAAATGAAAGGTGAACCATGAAATGGCATATTTGCAAACCAA,N
3,AAAAATAATAATAAATAAATAAATTTTAAAAACCCTGAATGCCACGGAAGCCGCCATGGC,N
4,AAAAATGATTGTATTTCCTTTCCTCTCCAGACTCTGAGGATTCCTGTTCCTGTACATAAA,IE
5,AAAAATGATTGTATTTCCTTTCCTCTCCAGACTCTGAGGATTCCTGTTCCTGTACATAAA,IE
6,AAAACGCGCCATGCATTGGGTAGCTATTACAGTGCACATTTTTGTGCAGGAAGCTACCCC,N
7,AAAACTATGACAAGTTCATGGAAAAAATGGGTAAAGACTTTATTTCTTTGTGGCTCATTC,EI
8,AAAACTTATACTTTATTTTCCCTGTTGCAGGAAAAAATCATGTCCTACATATGTTCTCAA,IE
9,AAAAGAGCTGATGAAACAATGGCAAGACCTCCAAGGTGAAATTGAAGCTCACACAGATGT,N
10,AAAAGCATTCTAAGGCTGTTTCTCCACCAGGTTTCCGCCCCACCACCTGACGGTGATCTT,IE
